,num_edges,time
0,1000,0.008720302581787109
1,10000,0.020777511596679687
2,100000,0.11005225181579589
3,1000000,1.0487487316131592
