,auc_p,auc_l,f1_binary,f1_micro,f1_macro,f1_weighted,std_auc_p,std_auc_l,std_f1_binary,std_f1_micro,std_f1_macro,std_f1_weighted,dataset,embedding_dim,method
0,0.6040330948213233,0.5003065730294903,0.9461856264591615,0.8978753541076487,0.47378009845294844,0.8496981099491222,0.018970602531024255,0.0006131460589805293,0.0006176026127757213,0.0011107922904644444,0.0013758235023848763,0.0016019646217024415,BitcoinAlpha,16,spring
