,auc_p,auc_l,f1_binary,f1_micro,f1_macro,f1_weighted,std_auc_p,std_auc_l,std_f1_binary,std_f1_micro,std_f1_macro,std_f1_weighted,dataset,embedding_dim,method
0,0.5872325733737107,0.5,0.916688808322706,0.8462075383899487,0.458344404161353,0.7757262684571916,0.013821606092065841,0.0,0.003180009701091316,0.00543663166381941,0.001590004850545658,0.007693265224567524,BitcoinOTC,64,spring
