,auc_p,auc_l,f1_binary,f1_micro,f1_macro,f1_weighted,std_auc_p,std_auc_l,std_f1_binary,std_f1_micro,std_f1_macro,std_f1_weighted,dataset,embedding_dim,method
0,0.49299598545705764,0.5,0.9477543341441633,0.9007082152974503,0.47387716707208166,0.8536620964507378,0.022414329221020234,0.0,0.002578181597615731,0.004647317200148132,0.0012890907988078655,0.006716460056133625,BitcoinAlpha,128,spring
