,auc_p,auc_l,f1_binary,f1_micro,f1_macro,f1_weighted,std_auc_p,std_auc_l,std_f1_binary,std_f1_micro,std_f1_macro,std_f1_weighted,dataset,embedding_dim,method
0,0.926097329350533,0.8400382224853458,0.9528153803450472,0.9196557338916026,0.8412323703706063,0.9195269505746339,0.005566966122157954,0.007250153500623291,0.002526382646222269,0.004303263486335325,0.008677849983124012,0.004089478891391671,BitcoinOTC,64,neural
