,auc_p,auc_l,f1_binary,f1_micro,f1_macro,f1_weighted,std_auc_p,std_auc_l,std_f1_binary,std_f1_micro,std_f1_macro,std_f1_weighted,dataset,embedding_dim,method
0,0.5542673886562877,0.5,0.9192531773751449,0.8505816658911121,0.45962658868757245,0.7819101544070792,0.014192919418789154,0.0,0.002443644948195719,0.0041967748295521305,0.0012218224740978595,0.005949907393468317,BitcoinOTC,64,neural
