,auc_p,auc_l,f1_binary,f1_micro,f1_macro,f1_weighted,std_auc_p,std_auc_l,std_f1_binary,std_f1_micro,std_f1_macro,std_f1_weighted,dataset,embedding_dim,method
0,0.8938647631162784,0.781452865690571,0.9520674366468512,0.916817864619679,0.818676717845056,0.9108151602980652,0.008848630499096037,0.006784190844626949,0.0026250964524412133,0.004335832167362552,0.008045468791124541,0.004485030092508641,BitcoinOTC,64,spring
