,auc_p,auc_l,f1_binary,f1_micro,f1_macro,f1_weighted,std_auc_p,std_auc_l,std_f1_binary,std_f1_micro,std_f1_macro,std_f1_weighted,dataset,embedding_dim,method
0,0.9059817974780875,0.7769812135822554,0.9584807496949956,0.9250265486725665,0.7860274642459307,0.9236990526609752,0.010649817100686718,0.01328391708472886,0.0008295689930799612,0.0014052696100020855,0.00649597189143551,0.0023374608846561296,BitcoinAlpha,64,neural
