,auc_p,auc_l,f1_binary,f1_micro,f1_macro,f1_weighted,std_auc_p,std_auc_l,std_f1_binary,std_f1_micro,std_f1_macro,std_f1_weighted,dataset,embedding_dim,method
0,0.5134309797685719,0.5,0.9488903283251044,0.9027620396600569,0.4744451641625522,0.856633750995009,0.02580242567922968,0.0,0.002527835816127373,0.004582103716606745,0.0012639179080636866,0.006636378654395202,BitcoinAlpha,128,neural
