,auc_p,auc_l,f1_binary,f1_micro,f1_macro,f1_weighted,std_auc_p,std_auc_l,std_f1_binary,std_f1_micro,std_f1_macro,std_f1_weighted,dataset,embedding_dim,method
0,0.8954694319761127,0.7675969155191036,0.9599681487415491,0.9271954674220962,0.7789713079845791,0.925599428097047,0.0069898711813380955,0.01062488167694039,0.0019326416070205282,0.003371283352807892,0.008627709395133638,0.0035390557010224672,BitcoinAlpha,64,neural
