,auc_p,auc_l,f1_binary,f1_micro,f1_macro,f1_weighted,std_auc_p,std_auc_l,std_f1_binary,std_f1_micro,std_f1_macro,std_f1_weighted,dataset,embedding_dim,method
0,0.5081180998549873,0.5,0.9485795213350625,0.9021954674220962,0.47428976066753126,0.8558114135091301,0.012743458330140893,0.0,0.002003644258125879,0.0036278324291404165,0.0010018221290629395,0.005252026084261966,BitcoinAlpha,128,spring
