,auc_p,auc_l,f1_binary,f1_micro,f1_macro,f1_weighted,std_auc_p,std_auc_l,std_f1_binary,std_f1_micro,std_f1_macro,std_f1_weighted,dataset,embedding_dim,method
0,0.6222975882157268,0.4999608610567515,0.9468922972047379,0.8991501416430594,0.47344614860236894,0.8514752520490155,0.010301806900827328,7.827788649705791e-05,0.0023134258585936164,0.004168254665598346,0.0011567129292968082,0.006108620907237684,BitcoinAlpha,16,neural
