,auc_p,auc_l,f1_binary,f1_micro,f1_macro,f1_weighted,std_auc_p,std_auc_l,std_f1_binary,std_f1_micro,std_f1_macro,std_f1_weighted,dataset,embedding_dim,method
0,0.7751324554654284,0.6181889489223564,0.9489863513231562,0.9054532577903682,0.6517270629159572,0.8892401776238824,0.017030248862198023,0.00853538924590559,0.0028797242965545524,0.005121723720046619,0.010535895595854161,0.006742400151447048,BitcoinAlpha,64,spring
