,auc_p,auc_l,f1_binary,f1_micro,f1_macro,f1_weighted,std_auc_p,std_auc_l,std_f1_binary,std_f1_micro,std_f1_macro,std_f1_weighted,dataset,embedding_dim,method
0,0.8877622667159265,0.7059361964372883,0.9590486772855801,0.9247433628318584,0.7473740928806014,0.9165062028189265,0.0100078376157856,0.013438372247332993,0.003997290513326175,0.007110023324184789,0.01597160119876201,0.007767053486364782,BitcoinAlpha,64,spring
