,auc_p,auc_l,f1_binary,f1_micro,f1_macro,f1_weighted,std_auc_p,std_auc_l,std_f1_binary,std_f1_micro,std_f1_macro,std_f1_weighted,dataset,embedding_dim,method
0,0.5472299475814858,0.5,0.9163341490028248,0.8456026058631922,0.4581670745014124,0.7748710627235594,0.009864935440655146,0.0,0.0031162883390123404,0.005300709489399035,0.0015581441695061702,0.0074851450230091566,BitcoinOTC,128,spring
