,auc_p,auc_l,f1_binary,f1_micro,f1_macro,f1_weighted,std_auc_p,std_auc_l,std_f1_binary,std_f1_micro,std_f1_macro,std_f1_weighted,dataset,embedding_dim,method
0,0.8943084477652798,0.7715407115922633,0.9573617932130173,0.9230878186968837,0.7823335082429496,0.9215008321784799,0.010290818892110448,0.00848260928203256,0.0020067076119621515,0.003377229183446576,0.006284295451714978,0.00377544954559569,BitcoinAlpha,64,neural
