,auc_p,auc_l,f1_binary,f1_micro,f1_macro,f1_weighted,std_auc_p,std_auc_l,std_f1_binary,std_f1_micro,std_f1_macro,std_f1_weighted,dataset,embedding_dim,method
0,0.8800481944379305,0.6956913261737353,0.958780056891934,0.9240084985835694,0.7361630690989873,0.9152000884356832,0.008936259834823783,0.018352713056525104,0.0025486275215241116,0.004614825653723776,0.015353052311334882,0.006226515183781148,BitcoinAlpha,64,spring
