,auc_p,auc_l,f1_binary,f1_micro,f1_macro,f1_weighted,std_auc_p,std_auc_l,std_f1_binary,std_f1_micro,std_f1_macro,std_f1_weighted,dataset,embedding_dim,method
0,0.5791944824590014,0.5,0.9478722953248093,0.9009206798866854,0.47393614766240466,0.8539690644485619,0.014382088867815392,0.0,0.0025054543055458827,0.004514837804676833,0.0012527271527729414,0.006524227752085919,BitcoinAlpha,32,spring
