,auc_p,auc_l,f1_binary,f1_micro,f1_macro,f1_weighted,std_auc_p,std_auc_l,std_f1_binary,std_f1_micro,std_f1_macro,std_f1_weighted,dataset,embedding_dim,method
0,0.5495325773633459,0.5,0.9500242222342271,0.904815864022663,0.47501211111711356,0.8596075058110989,0.02270947862125226,0.0,0.0024080285038781744,0.004368029446206613,0.0012040142519390872,0.006328034065483808,BitcoinAlpha,32,neural
