num_nodes,node_times
16,0.10057473182678223
32,0.11771774291992188
64,0.14937686920166016
128,0.2613353729248047
