,auc_p,auc_l,f1_binary,f1_micro,f1_macro,f1_weighted,std_auc_p,std_auc_l,std_f1_binary,std_f1_micro,std_f1_macro,std_f1_weighted,dataset,embedding_dim,method
0,0.9323922535153717,0.809110722239241,0.9490934055985338,0.913932156701265,0.8353584002560399,0.9100001895177188,0.0008836071162621156,0.006883788299758432,0.0006715055488156426,0.0011983316776163632,0.003907471071203116,0.0016334329811805964,Epinions,64,neural
