num_nodes,node_times
1000,0.021671295166015625
10000,0.20891237258911133
100000,2.262068510055542
1000000,28.518223524093628
