,auc_p,auc_l,f1_binary,f1_micro,f1_macro,f1_weighted,std_auc_p,std_auc_l,std_f1_binary,std_f1_micro,std_f1_macro,std_f1_weighted,dataset,embedding_dim,method
0,0.8889890879680605,0.786268878708832,0.9054876193131186,0.8532707640439201,0.7887914926578377,0.8526036725799184,0.002641011003669211,0.004517787717944498,0.0009289476429607958,0.0016491761759981792,0.0033220891877970547,0.0019418384378063552,Slashdot,64,neural
