,auc_p,auc_l,f1_binary,f1_micro,f1_macro,f1_weighted,std_auc_p,std_auc_l,std_f1_binary,std_f1_micro,std_f1_macro,std_f1_weighted,dataset,embedding_dim,method
0,0.6263611413711803,0.5005142631514881,0.8723116506255888,0.773638890154449,0.4380811804369752,0.6759552884335844,0.0025878944952997173,0.0001724272625634897,0.000407253687326835,0.000653885949117149,0.0005092546760779773,0.0009421567395350036,Slashdot,64,neural
