,auc_p,auc_l,f1_binary,f1_micro,f1_macro,f1_weighted,std_auc_p,std_auc_l,std_f1_binary,std_f1_micro,std_f1_macro,std_f1_weighted,dataset,embedding_dim,method
0,0.6820694266589257,0.526105517399215,0.8728414856940528,0.7777484167843637,0.49573104185294553,0.7019965568132134,0.001299968026335477,0.0009028006499883552,0.0006861719789282789,0.0010974609946251468,0.0018351677390490908,0.0017972684827074596,Slashdot,64,spring
