,auc_p,auc_l,f1_binary,f1_micro,f1_macro,f1_weighted,std_auc_p,std_auc_l,std_f1_binary,std_f1_micro,std_f1_macro,std_f1_weighted,dataset,embedding_dim,method
0,0.8679569973572827,0.7003202835319767,0.9009359611784051,0.8380153993348216,0.7284690824566943,0.823058274300528,0.0007589232304463162,0.0025470363172024643,0.0005346527821422663,0.0009323350373572321,0.0023929041708849377,0.0013111363115544902,Slashdot,64,spring
